,Epoch ,Training loss ,Validation loss,F1 score
0,1,0.6671993594771609,2.1782671771069833,0.2792766728078825
1,2,1.4435720375404055,1.5950038261505077,0.29244161645867106
2,3,1.372388350027958,1.6191419785592094,0.29038414496076476
3,4,1.3579791197327151,1.6191419785592094,0.29038414496076476
4,5,1.3588990357531097,1.6191419785592094,0.29038414496076476
