Vocab Size,Part 1,Part 2,Part 3,Part 4,Part 5,Average
500.0,0.047,0.06,0.043,0.117,0.016,0.056600000000000004
1000.0,0.051,0.072,0.044,0.134,0.019,0.064
2000.0,0.054,0.087,0.061,0.171,0.034,0.0814
4000.0,0.085,0.107,0.071,0.199,0.038,0.1
8000.0,0.093,0.097,0.101,0.207,0.047,0.10900000000000001
10000.0,0.084,0.142,0.091,0.224,0.035,0.1152
12500.0,0.094,0.121,0.086,0.235,0.045,0.11620000000000001
