Vocab Size,Part 1,Part 2,Part 3,Part 4,Part 5,Average
500.0,0.024,0.059,0.032,0.048,0.041,0.040799999999999996
1000.0,0.052,0.093,0.047,0.067,0.1,0.0718
2000.0,0.044,0.115,0.074,0.086,0.109,0.08559999999999998
4000.0,0.054,0.17,0.076,0.052,0.104,0.09119999999999999
8000.0,0.075,0.187,0.115,0.095,0.096,0.11359999999999999
10000.0,0.062,0.133,0.115,0.148,0.168,0.1252
12500.0,0.054,0.306,0.189,0.127,0.169,0.16899999999999998
